league_id,user_id,roster_id,player_id,fantasy_positions,full_name,status,active,age,display_name,metadata_team_name,Owner,Length_Remaining,Acquired,Year_of_Contract,Pos,Per_Year_M,2025,2026,2027,2028,player_type
1.2074519527078134e+18,5.953313246890476e+17,9.0,5859,WR,A.J. Brown,Active,True,28.0,RunTheBrews,,Chad,1.0,RFA,2024.0,WR,$25.00,$25.00,  ,  ,  ,  
1.2074519527078134e+18,5.947302549840773e+17,4.0,4199,RB,Aaron Jones,Active,True,30.0,Darkwater59,Solana 🚀 ,Marcus,2.0,FM,2024.0,RB,$20.50,$20.50,$20.50,  ,  ,  
1.2074519527078134e+18,5.953313246890476e+17,9.0,96,QB,Aaron Rodgers,Active,True,41.0,RunTheBrews,,Chad,4.0,FM,2025.0,QB,$18.00,$18.00,$18.00,$18.00,$18.00,  
1.2074519527078134e+18,1.0687067732232233e+18,8.0,11625,WR,Adonai Mitchell,Active,True,22.0,Tski25,The Warden,Tommy,2.0,2024-R2,2024.0,WR,$5.50,$5.50,$5.50,  ,  ,  
1.2074519527078134e+18,5.6174719668064256e+17,5.0,10866,QB,Aidan OConnell,Active,True,26.0,TMISH31,Chubba Lubba Dub Dub,Tyler,1.0,UFA,2024.0,QB,$11.50,$11.50,  ,  ,  ,  
1.2074519527078134e+18,5.954641587748782e+17,11.0,5987,RB,Alexander Mattison,Active,True,27.0,Koko3321,Kupp the balls,Mike K,1.0,FM,2023.0,RB,$9.25,$9.25,  ,  ,  ,  
1.2074519527078134e+18,5.953313246890476e+17,9.0,4035,RB,Alvin Kamara,Active,True,29.0,RunTheBrews,,Chad,2.0,FM,2025.0,RB,$28.50,$28.50,$28.50,  ,  ,  
1.2074519527078134e+18,1.0687067732232233e+18,8.0,2309,WR,Amari Cooper,Active,True,30.0,Tski25,The Warden,Tommy,1.0,UFA,2022.0,WR,$15.25,$15.25,  ,  ,  ,  
1.2074519527078134e+18,4.518075416476344e+17,1.0,7547,WR,Amon-Ra St. Brown,Active,True,25.0,kevo1022,Hobblin Dobbins,Kevin,3.0,FM,2024.0,WR,$46.50,$46.50,$46.50,$46.50,  ,  
1.2074519527078134e+18,7.411449114070958e+17,12.0,9229,QB,Anthony Richardson,Active,True,23.0,beebudda,Ezekiel's nasty house,Zeke,1.0,2023-R1,2023.0,QB,$8.00,$8.00,  ,  ,  ,  
1.2074519527078134e+18,5.953313246890476e+17,9.0,6945,RB,Antonio Gibson,Active,True,27.0,RunTheBrews,,Chad,1.0,UFA,2023.0,RB,$10.50,$10.50,  ,  ,  ,  
1.2074519527078134e+18,1.0687067732232233e+18,8.0,12527,RB,Ashton Jeanty,Active,True,21.0,Tski25,The Warden,Tommy,3.0,2025-R1,2025.0,RB,$9.75,$9.75,$9.75,$9.75,  ,  
1.2074519527078134e+18,1.0687067732232233e+18,8.0,11579,RB,Audric Estime,Active,True,21.0,Tski25,The Warden,Tommy,2.0,2024-R3,2024.0,RB,$3.75,$3.75,$3.75,  ,  ,TS
1.2074519527078134e+18,1.0687067732232233e+18,8.0,4663,RB,Austin Ekeler,Active,True,30.0,Tski25,The Warden,Tommy,1.0,FM,2024.0,RB,$27.00,$27.00,  ,  ,  ,  
1.2074519527078134e+18,4.518075416476344e+17,1.0,4892,QB,Baker Mayfield,Active,True,30.0,kevo1022,Hobblin Dobbins,Kevin,2.0,RFA,2025.0,QB,$40.00,$40.00,$40.00,  ,  ,  
1.2074519527078134e+18,1.0687067732232233e+18,8.0,11596,TE,Ben Sinnott,Active,True,23.0,Tski25,The Warden,Tommy,2.0,2024-R3,2024.0,TE,$3.25,$3.25,$3.25,  ,  ,  
1.2074519527078134e+18,5.483171429683364e+17,7.0,12490,RB,Bhayshul Tuten,Active,True,23.0,MikeNorys,Can't Stand Mike,Mike N,3.0,2025-R2,2025.0,RB,$4.25,$4.25,$4.25,$4.25,  ,TS
1.2074519527078134e+18,5.95421624581288e+17,10.0,9509,RB,Bijan Robinson,Active,True,23.0,MileHighMorty,Bijan* Mustard,Matt,2.0,2023-R1,2023.0,RB,$8.50,$8.50,$23.50,  ,  ,  
1.2074519527078134e+18,4.518075416476344e+17,1.0,11586,RB,Blake Corum,Active,True,24.0,kevo1022,Hobblin Dobbins,Kevin,2.0,2024-R2,2024.0,RB,$5.75,$5.75,$5.75,  ,  ,TS
1.2074519527078134e+18,5.6174719668064256e+17,5.0,11563,QB,Bo Nix,Active,True,25.0,TMISH31,Chubba Lubba Dub Dub,Tyler,2.0,2024-R1,2024.0,QB,$8.25,$8.25,$8.25,  ,  ,  
1.2074519527078134e+18,5.95421624581288e+17,10.0,11576,RB,Braelon Allen,Active,True,21.0,MileHighMorty,Bijan* Mustard,Matt,2.0,2024-R3,2024.0,RB,$3.00,$3.00,$3.00,  ,  ,  
1.2074519527078134e+18,5.947302549840773e+17,4.0,6803,WR,Brandon Aiyuk,Active,True,27.0,Darkwater59,Solana 🚀 ,Marcus,1.0,RFA,2024.0,WR,$19.50,$19.50,  ,  ,  ,  
1.2074519527078134e+18,4.518075416476344e+17,1.0,12455,RB,Brashard Smith,Active,True,22.0,kevo1022,Hobblin Dobbins,Kevin,3.0,2025-R3,2025.0,RB,$2.75,$2.75,$2.75,$2.75,  ,TS
1.2074519527078134e+18,5.584833889966367e+17,6.0,8155,RB,Breece Hall,Active,True,24.0,socalifjimmy,Marvin’s Naberhood,Jim,1.0,2022-R1,2022.0,RB,$7.75,$23.50,  ,  ,  ,  
,,,,,Brenden Rice,,,,,,Tyler,2.0,2024-R4,2024.0,WR,$1.75,$0.00,$0.00,  ,0,Cut
1.2074519527078134e+18,4.518075416476344e+17,1.0,9480,TE,Brenton Strange,Active,True,24.0,kevo1022,Hobblin Dobbins,Kevin,2.0,RFA,2025.0,TE,$9.25,$9.25,$9.25,  ,  ,  
1.2074519527078134e+18,5.483171429683364e+17,7.0,8154,RB,Brian Robinson,Active,True,26.0,MikeNorys,Can't Stand Mike,Mike N,2.0,RFA,2025.0,RB,$22.00,$22.00,$22.00,  ,  ,  
1.2074519527078134e+18,5.95421624581288e+17,10.0,11631,WR,Brian Thomas,Active,True,22.0,MileHighMorty,Bijan* Mustard,Matt,2.0,2024-R2,2024.0,WR,$6.00,$6.00,$6.00,  ,  ,  
1.2074519527078134e+18,5.584833889966367e+17,6.0,11604,TE,Brock Bowers,Active,True,22.0,socalifjimmy,Marvin’s Naberhood,Jim,2.0,2024-R1,2024.0,TE,$8.00,$8.00,$8.00,  ,  ,  
1.2074519527078134e+18,5.6171540802973696e+17,2.0,8183,QB,Brock Purdy,Active,True,25.0,chavo317,Jamar Javarison-Lamar,Ruben,2.0,RFA,2025.0,QB,$39.00,$39.00,$39.00,  ,  ,  
1.2074519527078134e+18,5.483171429683364e+17,7.0,9228,QB,Bryce Young,Active,True,23.0,MikeNorys,Can't Stand Mike,Mike N,1.0,2023-R1,2023.0,QB,$8.25,$8.25,$23.75,  ,  ,  
1.2074519527078134e+18,4.721360335263457e+17,3.0,11584,RB,Bucky Irving,Active,True,22.0,mrTman,SuckMyDitka,Nick,2.0,2024-R3,2024.0,RB,$3.00,$3.00,$3.00,  ,  ,  
1.2074519527078134e+18,4.518075416476344e+17,1.0,9758,QB,C.J. Stroud,Active,True,23.0,kevo1022,Hobblin Dobbins,Kevin,2.0,2023-R1,2023.0,QB,$7.25,$7.25,$23.75,  ,  ,  
1.2074519527078134e+18,5.6171540802973696e+17,2.0,8111,TE,Cade Otton,Active,True,26.0,chavo317,Jamar Javarison-Lamar,Ruben,3.0,UFA,2024.0,TE,$0.75,$0.75,$0.75,$0.75,  ,  
1.2074519527078134e+18,5.947302549840773e+17,4.0,11599,TE,Cade Stover,Active,True,25.0,Darkwater59,Solana 🚀 ,Marcus,2.0,2024-R4,2024.0,TE,$1.00,$1.00,$1.00,  ,  ,TS
1.2074519527078134e+18,5.483171429683364e+17,7.0,11560,QB,Caleb Williams,Active,True,23.0,MikeNorys,Can't Stand Mike,Mike N,2.0,2024-R1,2024.0,QB,$9.50,$9.50,$9.50,  ,  ,  
1.2074519527078134e+18,5.6174719668064256e+17,5.0,4981,WR,Calvin Ridley,Active,True,30.0,TMISH31,Chubba Lubba Dub Dub,Tyler,2.0,FM,2024.0,WR,$16.50,$16.50,$16.50,  ,  ,  
1.2074519527078134e+18,5.6174719668064256e+17,5.0,12481,RB,Cam Skattebo,Active,True,23.0,TMISH31,Chubba Lubba Dub Dub,Tyler,3.0,2025-R2,2025.0,RB,$6.75,$6.75,$6.75,$6.75,  ,  
1.2074519527078134e+18,5.953313246890476e+17,9.0,12522,QB,Cameron Ward,Active,True,23.0,RunTheBrews,,Chad,3.0,2025-R1,2025.0,QB,$8.75,$8.75,$8.75,$8.75,  ,  
1.2074519527078134e+18,5.95421624581288e+17,10.0,10444,WR,Cedric Tillman,Active,True,25.0,MileHighMorty,Bijan* Mustard,Matt,2.0,UFA,2025.0,WR,$4.50,$4.50,$4.50,  ,  ,  
1.2074519527078134e+18,5.947302549840773e+17,4.0,6786,WR,CeeDee Lamb,Active,True,26.0,Darkwater59,Solana 🚀 ,Marcus,1.0,FT,2025.0,WR,$43.50,$43.50,  ,  ,  ,  
1.2074519527078134e+18,4.721360335263457e+17,3.0,9224,RB,Chase Brown,Active,True,25.0,mrTman,SuckMyDitka,Nick,1.0,2023-R3,2023.0,RB,$3.00,$3.00,  ,  ,  ,  
1.2074519527078134e+18,4.518075416476344e+17,1.0,4037,WR,Chris Godwin,Active,True,29.0,kevo1022,Hobblin Dobbins,Kevin,3.0,UFA/Rstr2024,2024.0,WR,$22.00,$11.00,$11.00,$11.00,  ,  
1.2074519527078134e+18,5.483171429683364e+17,7.0,8144,WR,Chris Olave,Active,True,25.0,MikeNorys,Can't Stand Mike,Mike N,1.0,2022-R1,2022.0,WR,$6.75,$18.00,  ,  ,  ,  
1.2074519527078134e+18,5.483171429683364e+17,7.0,4950,WR,Christian Kirk,Active,True,28.0,MikeNorys,Can't Stand Mike,Mike N,1.0,UFA,2025.0,WR,$10.25,$10.25,  ,  ,  ,  
1.2074519527078134e+18,7.411449114070958e+17,12.0,4034,RB,Christian McCaffrey,Active,True,29.0,beebudda,Ezekiel's nasty house,Zeke,1.0,RFA/Rstr2024,2024.0,RB,$72.00,$36.00,  ,  ,  ,  
1.2074519527078134e+18,1.0687067732232233e+18,8.0,8167,WR,Christian Watson,Active,True,26.0,Tski25,The Warden,Tommy,1.0,2022-R1,2022.0,WR,$5.25,$0.00,  ,  ,  ,IR
1.2074519527078134e+18,5.6171540802973696e+17,2.0,7594,RB,Chuba Hubbard,Active,True,26.0,chavo317,Jamar Javarison-Lamar,Ruben,2.0,RFA,2025.0,RB,$33.00,$33.00,$33.00,  ,  ,  
1.2074519527078134e+18,5.953313246890476e+17,9.0,6826,TE,Cole Kmet,Active,True,26.0,RunTheBrews,,Chad,2.0,UFA,2025.0,TE,$3.00,$3.00,$3.00,  ,  ,  
1.2074519527078134e+18,5.483171429683364e+17,7.0,12517,TE,Colston Loveland,Active,True,21.0,MikeNorys,Can't Stand Mike,Mike N,3.0,2025-R2,2025.0,TE,$6.25,$6.25,$6.25,$6.25,  ,TS
1.2074519527078134e+18,5.954641587748782e+17,11.0,4039,WR,Cooper Kupp,Active,True,32.0,Koko3321,Kupp the balls,Mike K,1.0,RFA,2024.0,WR,$24.50,$24.50,  ,  ,  ,  
1.2074519527078134e+18,5.954641587748782e+17,11.0,5045,WR,Courtland Sutton,Active,True,29.0,Koko3321,Kupp the balls,Mike K,2.0,UFA,2023.0,WR,$9.25,$9.25,$9.25,  ,  ,  
1.2074519527078134e+18,5.95421624581288e+17,10.0,4082,WR,Curtis Samuel,Active,True,28.0,MileHighMorty,Bijan* Mustard,Matt,1.0,FM,2023.0,WR,$3.50,$3.50,  ,  ,  ,  
1.2074519527078134e+18,5.483171429683364e+17,7.0,6790,RB,DAndre Swift,Active,True,26.0,MikeNorys,Can't Stand Mike,,,,,,,,,,,
1.2074519527078134e+18,5.6174719668064256e+17,5.0,12471,RB,DJ Giddens,Active,True,21.0,TMISH31,Chubba Lubba Dub Dub,Tyler,3.0,2025-R4,2025.0,RB,$2.25,$2.25,$2.25,$2.25,  ,  
1.2074519527078134e+18,5.953313246890476e+17,9.0,4983,WR,DJ Moore,Active,True,28.0,RunTheBrews,,Chad,1.0,RFA,2024.0,WR,$26.50,$26.50,  ,  ,  ,  
1.2074519527078134e+18,5.95421624581288e+17,10.0,5846,WR,DK Metcalf,Active,True,27.0,MileHighMorty,Bijan* Mustard,Matt,3.0,FM,2024.0,WR,$33.50,$33.50,$33.50,$33.50,  ,  
1.2074519527078134e+18,7.411449114070958e+17,12.0,3294,QB,Dak Prescott,Active,True,31.0,beebudda,Ezekiel's nasty house,Zeke,1.0,RFA,2024.0,QB,$45.50,$45.50,  ,  ,  ,  
1.2074519527078134e+18,5.947302549840773e+17,4.0,10236,TE,Dalton Kincaid,Active,True,25.0,Darkwater59,Solana 🚀 ,Marcus,1.0,2023-R1,2023.0,TE,$6.25,$6.25,$9.75,  ,  ,  
1.2074519527078134e+18,1.0687067732232233e+18,8.0,5001,TE,Dalton Schultz,Active,True,28.0,Tski25,The Warden,Tommy,1.0,UFA,2022.0,TE,$6.50,$6.50,  ,  ,  ,  
1.2074519527078134e+18,7.411449114070958e+17,12.0,5870,QB,Daniel Jones,Active,True,28.0,beebudda,Ezekiel's nasty house,Zeke,2.0,UFA,2025.0,QB,$16.00,$16.00,$16.00,  ,  ,  
1.2074519527078134e+18,7.411449114070958e+17,12.0,7090,WR,Darnell Mooney,Active,True,27.0,beebudda,Ezekiel's nasty house,Zeke,2.0,UFA,2025.0,WR,$15.00,$15.00,$15.00,  ,  ,  
1.2074519527078134e+18,4.721360335263457e+17,3.0,2133,WR,Davante Adams,Active,True,32.0,mrTman,SuckMyDitka,Nick,1.0,RFA,2024.0,WR,$30.00,$30.00,  ,  ,  ,  
1.2074519527078134e+18,4.518075416476344e+17,1.0,5892,RB,David Montgomery,Active,True,28.0,kevo1022,Hobblin Dobbins,Kevin,2.0,FM,2024.0,RB,$21.50,$21.50,$21.50,  ,  ,  
1.2074519527078134e+18,5.584833889966367e+17,6.0,4033,TE,David Njoku,Active,True,28.0,socalifjimmy,Marvin’s Naberhood,Jim,1.0,UFA,2022.0,TE,$6.25,$6.25,  ,  ,  ,  
1.2074519527078134e+18,4.721360335263457e+17,3.0,9501,WR,DeMario Douglas,Active,True,24.0,mrTman,SuckMyDitka,Nick,1.0,UFA,2024.0,WR,$11.00,$11.00,  ,  ,  ,  
1.2074519527078134e+18,4.721360335263457e+17,3.0,9226,RB,DeVon Achane,Active,True,23.0,mrTman,SuckMyDitka,Nick,2.0,2023-R1,2023.0,RB,$6.50,$6.50,$23.50,  ,  ,  
1.2074519527078134e+18,5.6174719668064256e+17,5.0,7525,WR,DeVonta Smith,Active,True,26.0,TMISH31,Chubba Lubba Dub Dub,Tyler,1.0,RFA,2024.0,WR,$24.50,$24.50,  ,  ,  ,  
,,,,,Deandre Swift,,,,,,Mike N,2.0,FM,2025.0,RB,$22.00,$22.00,$22.00,  ,  ,  
1.2074519527078134e+18,7.411449114070958e+17,12.0,5872,WR,Deebo Samuel,Active,True,29.0,beebudda,Ezekiel's nasty house,Zeke,3.0,UFA,2025.0,WR,$12.00,$12.00,$12.00,$12.00,  ,  
,,,,,Derek Carr,,,,,,Tyler,2.0,UFA,2024.0,QB,$31.25,$0.00,$0.00,  ,0,Cut
1.2074519527078134e+18,5.954641587748782e+17,11.0,3198,RB,Derrick Henry,Active,True,31.0,Koko3321,Kupp the balls,Mike K,1.0,RFA,2024.0,RB,$35.00,$35.00,  ,  ,  ,  
1.2074519527078134e+18,1.0687067732232233e+18,8.0,4017,QB,Deshaun Watson,Active,True,29.0,Tski25,The Warden,Tommy,1.0,UFA,2022.0,QB,$42.00,$0.00,  ,  ,  ,IR
1.2074519527078134e+18,5.483171429683364e+17,7.0,9505,RB,Deuce Vaughn,Active,True,23.0,MikeNorys,Can't Stand Mike,Mike N,1.0,2023-R4,2023.0,RB,$1.50,$1.50,  ,  ,  ,  
1.2074519527078134e+18,5.6174719668064256e+17,5.0,12476,RB,Devin Neal,Active,True,21.0,TMISH31,Chubba Lubba Dub Dub,Tyler,3.0,2025-R3,2025.0,RB,$2.50,$2.50,$2.50,$2.50,  ,  
1.2074519527078134e+18,5.6174719668064256e+17,5.0,11629,WR,Devontez Walker,Active,True,24.0,TMISH31,Chubba Lubba Dub Dub,Tyler,2.0,2024-R4,2024.0,WR,$2.25,$2.25,$2.25,  ,  ,TS
1.2074519527078134e+18,5.6174719668064256e+17,5.0,12486,QB,Dillon Gabriel,Active,True,24.0,TMISH31,Chubba Lubba Dub Dub,Tyler,3.0,2025-R4,2025.0,QB,$2.25,$2.25,$2.25,$2.25,  ,TS
,,,,,Donovan Peoples-Jones,,,,,,Tommy,1.0,FM,2022.0,WR,$4.50,$2.25,  ,  ,0,Cut
1.2074519527078134e+18,5.6171540802973696e+17,2.0,9486,WR,Dontayvion Wicks,Active,True,24.0,chavo317,Jamar Javarison-Lamar,Ruben,3.0,FM,2024.0,WR,$12.50,$12.50,$12.50,$12.50,  ,  
1.2074519527078134e+18,5.947302549840773e+17,4.0,8112,WR,Drake London,Active,True,23.0,Darkwater59,Solana 🚀 ,Marcus,1.0,2022-R1,2022.0,WR,$7.00,$18.00,  ,  ,  ,  
1.2074519527078134e+18,4.518075416476344e+17,1.0,11564,QB,Drake Maye,Active,True,22.0,kevo1022,Hobblin Dobbins,Kevin,2.0,2024-R1,2024.0,QB,$7.50,$7.50,$7.50,  ,  ,  
1.2074519527078134e+18,4.721360335263457e+17,3.0,5854,QB,Drew Lock,Active,True,28.0,mrTman,SuckMyDitka,Nick,2.0,UFA,2024.0,QB,$4.00,$4.00,$4.00,  ,  ,  
1.2074519527078134e+18,1.0687067732232233e+18,8.0,12469,RB,Dylan Sampson,Active,True,20.0,Tski25,The Warden,Tommy,3.0,2025-R3,2025.0,RB,$2.75,$2.75,$2.75,$2.75,  ,TS
1.2074519527078134e+18,5.947302549840773e+17,4.0,12499,WR,Elic Ayomanor,Active,True,22.0,Darkwater59,Solana 🚀 ,Marcus,3.0,2025-R3,2025.0,WR,$2.50,$2.50,$2.50,$2.50,  ,TS
1.2074519527078134e+18,5.947302549840773e+17,4.0,12521,TE,Elijah Arroyo,Active,True,22.0,Darkwater59,Solana 🚀 ,Marcus,3.0,2025-R3,2025.0,TE,$2.50,$2.50,$2.50,$2.50,  ,TS
1.2074519527078134e+18,5.953313246890476e+17,9.0,7561,RB,Elijah Mitchell,Active,True,27.0,RunTheBrews,,Chad,2.0,UFA,2025.0,RB,$3.50,$3.50,$3.50,  ,  ,  
1.2074519527078134e+18,5.584833889966367e+17,6.0,7596,WR,Elijah Moore,Active,True,25.0,socalifjimmy,Marvin’s Naberhood,Jim,1.0,RFA,2024.0,WR,$12.25,$12.25,  ,  ,  ,  
1.2074519527078134e+18,4.518075416476344e+17,1.0,12514,WR,Emeka Egbuka,Active,True,22.0,kevo1022,Hobblin Dobbins,Kevin,3.0,2025-R1,2025.0,WR,$7.25,$7.25,$7.25,$7.25,  ,  
1.2074519527078134e+18,5.6171540802973696e+17,2.0,11592,TE,Erick All,Active,True,24.0,chavo317,Jamar Javarison-Lamar,Ruben,2.0,2024-R4,2024.0,TE,$1.25,$0.00,$1.25,  ,  ,IR
1.2074519527078134e+18,1.0687067732232233e+18,8.0,4066,TE,Evan Engram,Active,True,30.0,Tski25,The Warden,Tommy,2.0,UFA,2025.0,TE,$7.50,$7.50,$7.50,  ,  ,  
1.2074519527078134e+18,7.411449114070958e+17,12.0,3164,RB,Ezekiel Elliott,Active,True,29.0,beebudda,Ezekiel's nasty house,Zeke,1.0,FM,2024.0,RB,$10.00,$10.00,  ,  ,  ,  
,,,,,Frank Gore,,,,,,Mike K,2.0,2024-R4,2024.0,RB,$1.25,$0.00,$0.00,  ,0,Cut
1.2074519527078134e+18,5.584833889966367e+17,6.0,8146,WR,Garrett Wilson,Active,True,24.0,socalifjimmy,Marvin’s Naberhood,Jim,1.0,2022-R1,2022.0,WR,$5.75,$18.00,  ,  ,  ,  
1.2074519527078134e+18,7.411449114070958e+17,12.0,1373,QB,Geno Smith,Active,True,34.0,beebudda,Ezekiel's nasty house,Zeke,3.0,UFA,2024.0,QB,$15.00,$15.00,$15.00,$15.00,  ,  
1.2074519527078134e+18,5.6174719668064256e+17,5.0,4217,TE,George Kittle,Active,True,31.0,TMISH31,Chubba Lubba Dub Dub,Tyler,1.0,RFA,2024.0,TE,$14.50,$14.50,  ,  ,  ,  
1.2074519527078134e+18,5.6174719668064256e+17,5.0,8137,WR,George Pickens,Active,True,24.0,TMISH31,Chubba Lubba Dub Dub,Tyler,4.0,UFA,2025.0,WR,$16.50,$16.50,$16.50,$16.50,$16.50,  
1.2074519527078134e+18,5.6174719668064256e+17,5.0,12502,TE,Gunnar Helm,Active,True,22.0,TMISH31,Chubba Lubba Dub Dub,Tyler,3.0,2025-R4,2025.0,TE,$1.25,$1.25,$1.25,$1.25,  ,TS
1.2074519527078134e+18,1.0687067732232233e+18,8.0,5248,RB,Gus Edwards,Active,True,29.0,Tski25,The Warden,Tommy,2.0,UFA,2023.0,RB,$2.50,$2.50,$2.50,  ,  ,  
1.2074519527078134e+18,1.0687067732232233e+18,8.0,12506,TE,Harold Fannin,Active,True,20.0,Tski25,The Warden,Tommy,3.0,2025-R3,2025.0,TE,$3.00,$3.00,$3.00,$3.00,  ,TS
1.2074519527078134e+18,5.584833889966367e+17,6.0,5848,WR,Hollywood Brown,Active,True,28.0,socalifjimmy,Marvin’s Naberhood,Jim,1.0,UFA,2023.0,WR,$15.00,$15.00,  ,  ,  ,  
1.2074519527078134e+18,5.954641587748782e+17,11.0,3214,TE,Hunter Henry,Active,True,30.0,Koko3321,Kupp the balls,Mike K,1.0,UFA,2024.0,TE,$9.00,$9.00,  ,  ,  ,  
1.2074519527078134e+18,5.483171429683364e+17,7.0,11651,RB,Isaac Guerendo,Active,True,25.0,MikeNorys,Can't Stand Mike,Mike N,2.0,2024-R3,2024.0,RB,$2.50,$2.50,$2.50,  ,  ,  
1.2074519527078134e+18,7.411449114070958e+17,12.0,12535,WR,Isaac TeSlaa,Active,True,23.0,beebudda,Ezekiel's nasty house,Zeke,3.0,2025-R4,2025.0,WR,$2.00,$2.00,$2.00,$2.00,  ,TS
1.2074519527078134e+18,4.518075416476344e+17,1.0,11571,RB,Isaiah Davis,Active,True,23.0,kevo1022,Hobblin Dobbins,Kevin,2.0,UFA,2025.0,RB,$2.00,$2.00,$2.00,  ,  ,  
1.2074519527078134e+18,5.6171540802973696e+17,2.0,8131,TE,Isaiah Likely,Active,True,25.0,chavo317,Jamar Javarison-Lamar,Ruben,3.0,UFA,2024.0,TE,$9.75,$9.75,$9.75,$9.75,  ,  
,,,,,Isaih Pacheco,,,,,,Mike N,1.0,FM,2025.0,RB,$34.00,$34.00,  ,  ,  ,  
1.2074519527078134e+18,5.483171429683364e+17,7.0,8205,RB,Isiah Pacheco,Active,True,26.0,MikeNorys,Can't Stand Mike,,,,,,,,,,,
1.2074519527078134e+18,1.0687067732232233e+18,8.0,11565,QB,J.J. McCarthy,Active,True,22.0,Tski25,The Warden,Tommy,2.0,2024-R1,2024.0,QB,$8.50,$8.50,$8.50,  ,  ,  
1.2074519527078134e+18,1.0687067732232233e+18,8.0,6806,RB,J.K. Dobbins,Active,True,26.0,Tski25,The Warden,Tommy,3.0,UFA/Rstr2024,2024.0,RB,$12.25,$6.00,$6.00,$6.00,  ,  
1.2074519527078134e+18,5.483171429683364e+17,7.0,11619,WR,JaLynn Polk,Active,True,23.0,MikeNorys,Can't Stand Mike,Mike N,2.0,2024-R2,2024.0,WR,$4.00,$4.00,$4.00,  ,  ,  
1.2074519527078134e+18,5.954641587748782e+17,11.0,7564,WR,JaMarr Chase,Active,True,25.0,Koko3321,Kupp the balls,Mike K,1.0,FT,2025.0,WR,$43.50,$43.50,  ,  ,  ,  
1.2074519527078134e+18,5.953313246890476e+17,9.0,11600,TE,JaTavion Sanders,Active,True,22.0,RunTheBrews,,Chad,2.0,2024-R3,2024.0,TE,$2.50,$2.50,$2.50,  ,  ,TS
1.2074519527078134e+18,5.6171540802973696e+17,2.0,12483,WR,Jack Bech,Active,True,22.0,chavo317,Jamar Javarison-Lamar,Ruben,3.0,2025-R3,2025.0,WR,$3.75,$3.75,$3.75,$3.75,  ,  
1.2074519527078134e+18,7.411449114070958e+17,12.0,11616,WR,Jacob Cowing,Active,True,24.0,beebudda,Ezekiel's nasty house,Zeke,2.0,2024-R4,2024.0,WR,$1.50,$1.50,$1.50,  ,  ,TS
1.2074519527078134e+18,5.483171429683364e+17,7.0,12533,RB,Jacory Croskey-Merritt,Active,True,24.0,MikeNorys,Can't Stand Mike,Mike N,3.0,2025-R3,2025.0,RB,$2.50,$2.50,$2.50,$2.50,  ,TS
1.2074519527078134e+18,5.947302549840773e+17,4.0,8119,WR,Jahan Dotson,Active,True,25.0,Darkwater59,Solana 🚀 ,Marcus,4.0,FM,2025.0,WR,$0.50,$0.50,$0.50,$0.50,$0.50,  
1.2074519527078134e+18,4.518075416476344e+17,1.0,9221,RB,Jahmyr Gibbs,Active,True,23.0,kevo1022,Hobblin Dobbins,Kevin,2.0,2023-R1,2023.0,RB,$7.75,$7.75,$23.50,  ,  ,  
1.2074519527078134e+18,5.483171429683364e+17,7.0,8110,TE,Jake Ferguson,Active,True,26.0,MikeNorys,Can't Stand Mike,Mike N,3.0,FM,2024.0,TE,$8.00,$8.00,$8.00,$8.00,  ,  
1.2074519527078134e+18,5.954641587748782e+17,11.0,5947,WR,Jakobi Meyers,Active,True,28.0,Koko3321,Kupp the balls,Mike K,4.0,FM,2025.0,WR,$19.25,$19.25,$19.25,$19.25,$19.25,  
1.2074519527078134e+18,5.6171540802973696e+17,2.0,11439,RB,Jaleel McLaughlin,Active,True,24.0,chavo317,Jamar Javarison-Lamar,Ruben,3.0,UFA,2024.0,RB,$4.50,$4.50,$4.50,$4.50,  ,  
1.2074519527078134e+18,4.721360335263457e+17,3.0,11646,WR,Jalen Coker,Active,True,23.0,mrTman,SuckMyDitka,Nick,1.0,FM,2025.0,WR,$8.00,$8.00,  ,  ,  ,  
1.2074519527078134e+18,5.584833889966367e+17,6.0,6904,QB,Jalen Hurts,Active,True,26.0,socalifjimmy,Marvin’s Naberhood,Jim,1.0,FT,2025.0,QB,$47.25,$47.25,  ,  ,  ,  
1.2074519527078134e+18,5.947302549840773e+17,4.0,11618,WR,Jalen McMillan,Active,True,23.0,Darkwater59,Solana 🚀 ,Marcus,2.0,2024-R3,2024.0,WR,$2.50,$2.50,$2.50,  ,  ,TS
1.2074519527078134e+18,5.954641587748782e+17,11.0,12510,QB,Jalen Milroe,Active,True,22.0,Koko3321,Kupp the balls,Mike K,3.0,2025-R2,2025.0,QB,$4.50,$4.50,$4.50,$4.50,  ,TS
1.2074519527078134e+18,5.953313246890476e+17,9.0,12505,WR,Jalen Royals,Active,True,22.0,RunTheBrews,,Chad,3.0,2025-R2,2025.0,WR,$4.00,$4.00,$4.00,$4.00,  ,  
1.2074519527078134e+18,5.6171540802973696e+17,2.0,9497,WR,Jalin Hyatt,Active,True,23.0,chavo317,Jamar Javarison-Lamar,Ruben,1.0,2023-R3,2023.0,WR,$2.75,$2.75,  ,  ,  ,  
1.2074519527078134e+18,5.95421624581288e+17,10.0,2306,QB,Jameis Winston,Active,True,31.0,MileHighMorty,Bijan* Mustard,Matt,3.0,UFA,2025.0,QB,$9.50,$9.50,$9.50,$9.50,  ,  
1.2074519527078134e+18,5.953313246890476e+17,9.0,4137,RB,James Conner,Active,True,30.0,RunTheBrews,,Chad,2.0,UFA,2024.0,RB,$15.00,$15.00,$15.00,  ,  ,  
1.2074519527078134e+18,4.721360335263457e+17,3.0,8138,RB,James Cook,Active,True,25.0,mrTman,SuckMyDitka,Nick,1.0,2022-R1,2022.0,RB,$6.00,$23.50,  ,  ,  ,  
1.2074519527078134e+18,1.0687067732232233e+18,8.0,8148,WR,Jameson Williams,Active,True,24.0,Tski25,The Warden,Tommy,4.0,FM/Rstr2025,2025.0,WR,$32.50,$81.25,$16.25,$16.25,$16.25,  
1.2074519527078134e+18,5.953313246890476e+17,9.0,3163,QB,Jared Goff,Active,True,30.0,RunTheBrews,,Chad,1.0,RFA,2024.0,QB,$42.00,$42.00,  ,  ,  ,  
1.2074519527078134e+18,5.6171540802973696e+17,2.0,11569,RB,Jarquez Hunter,Active,True,22.0,chavo317,Jamar Javarison-Lamar,Ruben,3.0,2025-R3,2025.0,RB,$3.75,$3.75,$3.75,$3.75,  ,TS
1.2074519527078134e+18,4.721360335263457e+17,3.0,7049,WR,Jauan Jennings,Active,True,27.0,mrTman,SuckMyDitka,Nick,3.0,FM,2025.0,WR,$15.00,$15.00,$15.00,$15.00,  ,  
,,,,,Javon Baker,,,,,,Tyler,2.0,2024-R3,2024.0,WR,$3.75,$2.00,$1.00,  ,0,Cut
1.2074519527078134e+18,5.947302549840773e+17,4.0,7588,RB,Javonte Williams,Active,True,25.0,Darkwater59,Solana 🚀 ,Marcus,4.0,FM,2025.0,RB,$7.00,$7.00,$7.00,$7.00,$7.00,  
1.2074519527078134e+18,5.947302549840773e+17,4.0,9488,WR,Jaxon Smith-Njigba,Active,True,23.0,Darkwater59,Solana 🚀 ,Marcus,2.0,2023-R1,2023.0,WR,$7.50,$7.50,$18.00,  ,  ,  
1.2074519527078134e+18,4.721360335263457e+17,3.0,12508,QB,Jaxson Dart,Active,True,22.0,mrTman,SuckMyDitka,Nick,3.0,2025-R1,2025.0,QB,$7.00,$7.00,$7.00,$7.00,  ,TS
,,,,,Jayden Blue,,,,,,Matt,3.0,2025-R2,2025.0,RB,$5.25,$5.25,$5.25,$5.25,  ,TS
1.2074519527078134e+18,5.95421624581288e+17,10.0,11566,QB,Jayden Daniels,Active,True,24.0,MileHighMorty,Bijan* Mustard,Matt,2.0,2024-R1,2024.0,QB,$9.25,$9.25,$9.25,  ,  ,  
1.2074519527078134e+18,4.518075416476344e+17,1.0,12484,WR,Jayden Higgins,Active,True,22.0,kevo1022,Hobblin Dobbins,Kevin,3.0,2025-R2,2025.0,WR,$6.00,$6.00,$6.00,$6.00,  ,TS
1.2074519527078134e+18,5.483171429683364e+17,7.0,10222,WR,Jayden Reed,Active,True,25.0,MikeNorys,Can't Stand Mike,Mike N,1.0,2023-R2,2023.0,WR,$3.75,$3.75,  ,  ,  ,  
1.2074519527078134e+18,5.95421624581288e+17,10.0,12457,RB,Jaydon Blue,Active,True,21.0,MileHighMorty,Bijan* Mustard,,,,,,,,,,,
1.2074519527078134e+18,5.953313246890476e+17,9.0,7526,WR,Jaylen Waddle,Active,True,26.0,RunTheBrews,,Chad,2.0,RFA,2025.0,WR,$30.00,$30.00,$30.00,  ,  ,  
1.2074519527078134e+18,5.6171540802973696e+17,2.0,8228,RB,Jaylen Warren,Active,True,26.0,chavo317,Jamar Javarison-Lamar,Ruben,2.0,UFA,2023.0,RB,$2.25,$2.25,$2.25,  ,  ,  
1.2074519527078134e+18,5.6174719668064256e+17,5.0,11643,RB,Jaylen Wright,Active,True,22.0,TMISH31,Chubba Lubba Dub Dub,Tyler,2.0,2024-R2,2024.0,RB,$4.75,$4.75,$4.75,  ,  ,  
1.2074519527078134e+18,5.6174719668064256e+17,5.0,12536,WR,Jaylin Noel,Active,True,22.0,TMISH31,Chubba Lubba Dub Dub,Tyler,3.0,2025-R3,2025.0,WR,$3.50,$3.50,$3.50,$3.50,  ,  
1.2074519527078134e+18,5.6174719668064256e+17,5.0,11640,WR,Jermaine Burton,Active,True,24.0,TMISH31,Chubba Lubba Dub Dub,Tyler,2.0,2024-R3,2024.0,WR,$3.50,$3.50,$3.50,  ,  ,TS
1.2074519527078134e+18,4.518075416476344e+17,1.0,8143,RB,Jerome Ford,Active,True,25.0,kevo1022,Hobblin Dobbins,Kevin,2.0,UFA,2023.0,RB,$4.50,$4.50,$4.50,  ,  ,  
1.2074519527078134e+18,5.6174719668064256e+17,5.0,6783,WR,Jerry Jeudy,Active,True,26.0,TMISH31,Chubba Lubba Dub Dub,Tyler,1.0,RFA,2024.0,WR,$18.25,$18.25,  ,  ,  ,  
1.2074519527078134e+18,5.95421624581288e+17,10.0,6770,QB,Joe Burrow,Active,True,28.0,MileHighMorty,Bijan* Mustard,Matt,1.0,RFA,2024.0,QB,$46.00,$46.00,  ,  ,  ,  
1.2074519527078134e+18,4.721360335263457e+17,3.0,11557,QB,Joe Milton,Active,True,25.0,mrTman,SuckMyDitka,Nick,2.0,UFA,2025.0,QB,$8.00,$8.00,$8.00,  ,  ,  
1.2074519527078134e+18,7.411449114070958e+17,12.0,4018,RB,Joe Mixon,Active,True,28.0,beebudda,Ezekiel's nasty house,Zeke,1.0,RFA,2024.0,RB,$30.00,$30.00,  ,  ,  ,  
1.2074519527078134e+18,5.953313246890476e+17,9.0,11636,WR,Johnny Wilson,Active,True,24.0,RunTheBrews,,Chad,2.0,2024-R4,2024.0,WR,$1.00,$1.00,$1.00,  ,  ,TS
1.2074519527078134e+18,7.411449114070958e+17,12.0,10225,WR,Jonathan Mingo,Active,True,24.0,beebudda,Ezekiel's nasty house,Zeke,1.0,2023-R2,2023.0,WR,$4.50,$4.50,  ,  ,  ,  
1.2074519527078134e+18,5.584833889966367e+17,6.0,6813,RB,Jonathan Taylor,Active,True,26.0,socalifjimmy,Marvin’s Naberhood,Jim,2.0,RFA,2025.0,RB,$40.00,$40.00,$40.00,  ,  ,  
1.2074519527078134e+18,5.6171540802973696e+17,2.0,11583,RB,Jonathon Brooks,Active,True,21.0,chavo317,Jamar Javarison-Lamar,Ruben,2.0,2024-R1,2024.0,RB,$7.75,$0.00,$7.75,  ,  ,IR
1.2074519527078134e+18,5.953313246890476e+17,9.0,4144,TE,Jonnu Smith,Active,True,29.0,RunTheBrews,,Chad,3.0,UFA,2025.0,TE,$6.00,$6.00,$6.00,$6.00,  ,  
1.2074519527078134e+18,5.6174719668064256e+17,5.0,9756,WR,Jordan Addison,Active,True,23.0,TMISH31,Chubba Lubba Dub Dub,Tyler,2.0,2023-R1,2023.0,WR,$7.00,$7.00,$18.00,  ,  ,  
1.2074519527078134e+18,7.411449114070958e+17,12.0,12467,RB,Jordan James,Active,True,21.0,beebudda,Ezekiel's nasty house,Zeke,3.0,2025-R4,2025.0,RB,$2.00,$2.00,$2.00,$2.00,  ,TS
1.2074519527078134e+18,1.0687067732232233e+18,8.0,6804,QB,Jordan Love,Active,True,26.0,Tski25,The Warden,Tommy,1.0,RFA,2024.0,QB,$37.75,$37.75,  ,  ,  ,  
1.2074519527078134e+18,4.721360335263457e+17,3.0,8408,RB,Jordan Mason,Active,True,26.0,mrTman,SuckMyDitka,Nick,3.0,FM,2025.0,RB,$14.00,$14.00,$14.00,$14.00,  ,  
1.2074519527078134e+18,5.947302549840773e+17,4.0,4984,QB,Josh Allen,Active,True,29.0,Darkwater59,Solana 🚀 ,Marcus,2.0,RFA,2025.0,QB,$60.00,$30.00,$90.00,  ,  ,  
1.2074519527078134e+18,4.518075416476344e+17,1.0,9500,WR,Josh Downs,Active,True,23.0,kevo1022,Hobblin Dobbins,Kevin,1.0,2023-R2,2023.0,WR,$3.50,$3.50,  ,  ,  ,  
1.2074519527078134e+18,5.954641587748782e+17,11.0,5850,RB,Josh Jacobs,Active,True,27.0,Koko3321,Kupp the balls,Mike K,1.0,RFA,2024.0,RB,$38.00,$38.00,  ,  ,  ,  
1.2074519527078134e+18,5.95421624581288e+17,10.0,7670,WR,Joshua Palmer,Active,True,25.0,MileHighMorty,Bijan* Mustard,Matt,2.0,UFA,2024.0,WR,$13.00,$13.00,$13.00,  ,  ,  
1.2074519527078134e+18,5.954641587748782e+17,11.0,7591,QB,Justin Fields,Active,True,26.0,Koko3321,Kupp the balls,Mike K,2.0,UFA,2025.0,QB,$28.50,$28.50,$28.50,  ,  ,  
1.2074519527078134e+18,5.483171429683364e+17,7.0,6797,QB,Justin Herbert,Active,True,27.0,MikeNorys,Can't Stand Mike,Mike N,1.0,RFA,2024.0,QB,$37.75,$37.75,  ,  ,  ,  
1.2074519527078134e+18,5.6171540802973696e+17,2.0,6794,WR,Justin Jefferson,Active,True,26.0,chavo317,Jamar Javarison-Lamar,Ruben,1.0,RFA/Rstr2024,2024.0,WR,$41.00,$20.50,  ,  ,  ,  
1.2074519527078134e+18,1.0687067732232233e+18,8.0,12504,RB,Kaleb Johnson,Active,True,21.0,Tski25,The Warden,Tommy,3.0,2025-R1,2025.0,RB,$8.00,$8.00,$8.00,$8.00,  ,  
1.2074519527078134e+18,4.518075416476344e+17,1.0,4098,RB,Kareem Hunt,Active,True,29.0,kevo1022,Hobblin Dobbins,Kevin,1.0,UFA,2025.0,RB,$9.50,$9.50,  ,  ,  ,  
1.2074519527078134e+18,5.6171540802973696e+17,2.0,9511,RB,Keaton Mitchell,Active,True,23.0,chavo317,Jamar Javarison-Lamar,Ruben,3.0,UFA,2024.0,RB,$4.75,$4.75,$4.75,$4.75,  ,  
1.2074519527078134e+18,4.518075416476344e+17,1.0,1479,WR,Keenan Allen,Active,True,32.0,kevo1022,Hobblin Dobbins,Kevin,2.0,FM,2025.0,WR,$5.25,$5.25,$5.25,  ,  ,  
1.2074519527078134e+18,5.6174719668064256e+17,5.0,9757,RB,Kendre Miller,Active,True,23.0,TMISH31,Chubba Lubba Dub Dub,Tyler,1.0,2023-R2,2023.0,RB,$4.75,$4.75,  ,  ,  ,  
1.2074519527078134e+18,5.954641587748782e+17,11.0,4454,WR,Kendrick Bourne,Active,True,29.0,Koko3321,Kupp the balls,Mike K,1.0,UFA,2022.0,WR,$3.00,$3.00,  ,  ,  ,  
1.2074519527078134e+18,5.947302549840773e+17,4.0,8151,RB,Kenneth Walker,Active,True,24.0,Darkwater59,Solana 🚀 ,Marcus,1.0,2022-R1,2022.0,RB,$7.50,$11.75,  ,  ,  ,  
1.2074519527078134e+18,5.483171429683364e+17,7.0,11637,WR,Keon Coleman,Active,True,22.0,MikeNorys,Can't Stand Mike,Mike N,2.0,2024-R2,2024.0,WR,$6.25,$6.25,$6.25,  ,  ,  
1.2074519527078134e+18,5.483171429683364e+17,7.0,7608,RB,Khalil Herbert,Active,True,27.0,MikeNorys,Can't Stand Mike,Mike N,1.0,UFA,2024.0,RB,$2.50,$2.50,  ,  ,  ,  
1.2074519527078134e+18,4.721360335263457e+17,3.0,8134,WR,Khalil Shakir,Active,True,25.0,mrTman,SuckMyDitka,Nick,1.0,RFA,2024.0,WR,$12.25,$12.25,  ,  ,  ,  
1.2074519527078134e+18,5.953313246890476e+17,9.0,11647,RB,Kimani Vidal,Active,True,23.0,RunTheBrews,,Chad,2.0,2024-R3,2024.0,RB,$4.00,$4.00,$4.00,  ,  ,TS
1.2074519527078134e+18,5.483171429683364e+17,7.0,1166,QB,Kirk Cousins,Active,True,36.0,MikeNorys,Can't Stand Mike,Mike N,2.0,FM,2025.0,QB,$4.00,$4.00,$4.00,  ,  ,  
1.2074519527078134e+18,5.947302549840773e+17,4.0,7553,TE,Kyle Pitts,Active,True,24.0,Darkwater59,Solana 🚀 ,Marcus,2.0,RFA,2025.0,TE,$14.00,$14.00,$14.00,  ,  ,  
1.2074519527078134e+18,5.954641587748782e+17,11.0,12547,WR,Kyle Williams,Active,True,22.0,Koko3321,Kupp the balls,Mike K,3.0,2025-R2,2025.0,WR,$4.00,$4.00,$4.00,$4.00,  ,TS
1.2074519527078134e+18,5.6171540802973696e+17,2.0,5849,QB,Kyler Murray,Active,True,27.0,chavo317,Jamar Javarison-Lamar,Ruben,3.0,FM,2024.0,QB,$62.00,$72.25,$72.25,$72.50,  ,  
1.2074519527078134e+18,5.953313246890476e+17,9.0,8150,RB,Kyren Williams,Active,True,24.0,RunTheBrews,,Chad,2.0,RFA,2025.0,RB,$38.00,$38.00,$38.00,  ,  ,  
1.2074519527078134e+18,4.518075416476344e+17,1.0,11635,WR,Ladd McConkey,Active,True,23.0,kevo1022,Hobblin Dobbins,Kevin,2.0,2024-R1,2024.0,WR,$7.00,$7.00,$7.00,  ,  ,  
1.2074519527078134e+18,5.6171540802973696e+17,2.0,4881,QB,Lamar Jackson,Active,True,28.0,chavo317,Jamar Javarison-Lamar,Ruben,1.0,RFA,2024.0,QB,$54.00,$54.00,  ,  ,  ,  
1.2074519527078134e+18,4.721360335263457e+17,3.0,11650,WR,Luke McCaffrey,Active,True,24.0,mrTman,SuckMyDitka,Nick,2.0,2024-R3,2024.0,WR,$2.75,$2.75,$2.75,  ,  ,  
1.2074519527078134e+18,5.6174719668064256e+17,5.0,9481,TE,Luke Musgrave,Active,True,24.0,TMISH31,Chubba Lubba Dub Dub,Tyler,1.0,2023-R3,2023.0,TE,$2.75,$2.75,  ,  ,  ,  
1.2074519527078134e+18,5.6171540802973696e+17,2.0,12519,WR,Luther Burden,Active,True,21.0,chavo317,Jamar Javarison-Lamar,Ruben,3.0,2025-R2,2025.0,WR,$6.50,$6.50,$6.50,$6.50,  ,TS
1.2074519527078134e+18,5.95421624581288e+17,10.0,11617,WR,Malachi Corley,Active,True,23.0,MileHighMorty,Bijan* Mustard,Matt,2.0,2024-R3,2024.0,WR,$3.50,$3.50,$3.50,  ,  ,  
1.2074519527078134e+18,5.584833889966367e+17,6.0,11632,WR,Malik Nabers,Active,True,21.0,socalifjimmy,Marvin’s Naberhood,Jim,2.0,2024-R1/Rstr,2024.0,WR,$9.00,$4.50,$13.50,  ,  ,  
1.2074519527078134e+18,5.6171540802973696e+17,2.0,11610,WR,Malik Washington,Active,True,24.0,chavo317,Jamar Javarison-Lamar,Ruben,2.0,2024-R3,2024.0,WR,$2.50,$2.50,$2.50,  ,  ,TS
1.2074519527078134e+18,5.6174719668064256e+17,5.0,11581,RB,MarShawn Lloyd,Active,True,24.0,TMISH31,Chubba Lubba Dub Dub,Tyler,2.0,2024-R2,2024.0,RB,$4.50,$4.50,$4.50,  ,  ,  
1.2074519527078134e+18,5.483171429683364e+17,7.0,5012,TE,Mark Andrews,Active,True,29.0,MikeNorys,Can't Stand Mike,Mike N,3.0,FM,2024.0,TE,$24.50,$12.25,$12.25,$12.25,  ,  
1.2074519527078134e+18,5.584833889966367e+17,6.0,11628,WR,Marvin Harrison,Active,True,22.0,socalifjimmy,Marvin’s Naberhood,Jim,2.0,2024-R1,2024.0,WR,$9.75,$9.75,$9.75,  ,  ,  
1.2074519527078134e+18,5.953313246890476e+17,9.0,9494,WR,Marvin Mims,Active,True,23.0,RunTheBrews,,Chad,1.0,2023-R2,2023.0,WR,$4.25,$4.25,  ,  ,  ,  
1.2074519527078134e+18,4.518075416476344e+17,1.0,12498,TE,Mason Taylor,Active,True,21.0,kevo1022,Hobblin Dobbins,Kevin,3.0,2025-R2,2025.0,TE,$5.50,$5.50,$5.50,$5.50,  ,TS
1.2074519527078134e+18,5.954641587748782e+17,11.0,12501,WR,Matthew Golden,Active,True,21.0,Koko3321,Kupp the balls,Mike K,3.0,2025-R1,2025.0,WR,$7.50,$7.50,$7.50,$7.50,  ,  
1.2074519527078134e+18,5.584833889966367e+17,6.0,421,QB,Matthew Stafford,Active,True,37.0,socalifjimmy,Marvin’s Naberhood,Jim,3.0,FM,2024.0,QB,$26.00,$26.00,$26.00,$26.00,  ,  
1.2074519527078134e+18,5.584833889966367e+17,6.0,11559,QB,Michael Penix,Active,True,25.0,socalifjimmy,Marvin’s Naberhood,Jim,2.0,2024-R2,2024.0,QB,$6.50,$6.50,$6.50,  ,  ,  
1.2074519527078134e+18,5.483171429683364e+17,7.0,6819,WR,Michael Pittman,Active,True,27.0,MikeNorys,Can't Stand Mike,Mike N,3.0,UFA,2025.0,WR,$19.50,$19.50,$19.50,$19.50,  ,  
1.2074519527078134e+18,5.953313246890476e+17,9.0,10232,WR,Michael Wilson,Active,True,25.0,RunTheBrews,,Chad,1.0,2023-R3,2023.0,WR,$1.75,$1.75,  ,  ,  ,  
1.2074519527078134e+18,7.411449114070958e+17,12.0,2216,WR,Mike Evans,Active,True,31.0,beebudda,Ezekiel's nasty house,Zeke,3.0,FM,2024.0,WR,$20.00,$20.00,$20.00,$20.00,  ,  
1.2074519527078134e+18,7.411449114070958e+17,12.0,4068,WR,Mike Williams,Active,True,30.0,beebudda,Ezekiel's nasty house,Zeke,4.0,FM,2025.0,WR,$6.00,$6.00,$6.00,$6.00,$6.00,  
1.2074519527078134e+18,5.947302549840773e+17,4.0,6151,RB,Miles Sanders,Active,True,28.0,Darkwater59,Solana 🚀 ,Marcus,4.0,UFA,2025.0,RB,$0.50,$0.50,$0.50,$0.50,$0.50,  
1.2074519527078134e+18,4.721360335263457e+17,3.0,7528,RB,Najee Harris,Active,True,27.0,mrTman,SuckMyDitka,Nick,3.0,FM,2025.0,RB,$10.00,$10.00,$10.00,$10.00,  ,  
1.2074519527078134e+18,5.6174719668064256e+17,5.0,4988,RB,Nick Chubb,Active,True,29.0,TMISH31,Chubba Lubba Dub Dub,Tyler,1.0,RFA,2024.0,RB,$27.75,$27.75,  ,  ,  ,  
1.2074519527078134e+18,7.411449114070958e+17,12.0,7569,WR,Nico Collins,Active,True,26.0,beebudda,Ezekiel's nasty house,Zeke,1.0,RFA,2024.0,WR,$20.00,$20.00,  ,  ,  ,  
1.2074519527078134e+18,5.954641587748782e+17,11.0,12495,RB,Ollie Gordon,Active,True,21.0,Koko3321,Kupp the balls,Mike K,3.0,2025-R3,2025.0,RB,$3.25,$3.25,$3.25,$3.25,  ,TS
1.2074519527078134e+18,5.483171429683364e+17,7.0,12507,RB,Omarion Hampton,Active,True,22.0,MikeNorys,Can't Stand Mike,Mike N,3.0,2025-R1,2025.0,RB,$9.50,$9.50,$9.50,$9.50,  ,  
1.2074519527078134e+18,5.95421624581288e+17,10.0,12493,TE,Oronde Gadsden,Active,True,22.0,MileHighMorty,Bijan* Mustard,Matt,3.0,2025-R4,2025.0,TE,$1.50,$1.50,$1.50,$1.50,  ,TS
1.2074519527078134e+18,5.953313246890476e+17,9.0,12492,WR,Pat Bryant,Active,True,22.0,RunTheBrews,,Chad,3.0,2025-R3,2025.0,WR,$3.25,$3.25,$3.25,$3.25,  ,  
1.2074519527078134e+18,5.954641587748782e+17,11.0,7600,TE,Pat Freiermuth,Active,True,26.0,Koko3321,Kupp the balls,Mike K,3.0,FM,2024.0,TE,$11.00,$11.00,$11.00,$11.00,  ,  
1.2074519527078134e+18,5.947302549840773e+17,4.0,4046,QB,Patrick Mahomes,Active,True,29.0,Darkwater59,Solana 🚀 ,Marcus,1.0,RFA,2024.0,QB,$55.00,$82.50,  ,  ,  ,  
1.2074519527078134e+18,4.518075416476344e+17,1.0,9493,WR,Puka Nacua,Active,True,24.0,kevo1022,Hobblin Dobbins,Kevin,1.0,2023-R4,2023.0,WR,$1.00,$1.00,  ,  ,  ,  
1.2074519527078134e+18,5.584833889966367e+17,6.0,9754,WR,Quentin Johnston,Active,True,23.0,socalifjimmy,Marvin’s Naberhood,Jim,2.0,2023-R1,2023.0,WR,$6.75,$6.75,$18.00,  ,  ,  
1.2074519527078134e+18,5.954641587748782e+17,11.0,12500,QB,Quinn Ewers,Active,True,22.0,Koko3321,Kupp the balls,Mike K,3.0,2025-R4,2025.0,QB,$1.25,$1.25,$1.25,$1.25,  ,TS
1.2074519527078134e+18,5.947302549840773e+17,4.0,12512,RB,Quinshon Judkins,Active,True,21.0,Darkwater59,Solana 🚀 ,Marcus,3.0,2025-R1,2025.0,RB,$8.50,$8.50,$8.50,$8.50,  ,  
1.2074519527078134e+18,5.947302549840773e+17,4.0,12489,RB,RJ Harvey,Active,True,24.0,Darkwater59,Solana 🚀 ,Marcus,3.0,2025-R1,2025.0,RB,$7.75,$7.75,$7.75,$7.75,  ,  
1.2074519527078134e+18,4.721360335263457e+17,3.0,8136,RB,Rachaad White,Active,True,26.0,mrTman,SuckMyDitka,Nick,3.0,FM,2025.0,RB,$6.50,$6.50,$6.50,$6.50,  ,  
1.2074519527078134e+18,7.411449114070958e+17,12.0,10229,WR,Rashee Rice,Active,True,25.0,beebudda,Ezekiel's nasty house,Zeke,1.0,2023-R2,2023.0,WR,$5.00,$5.00,  ,  ,  ,  
1.2074519527078134e+18,4.721360335263457e+17,3.0,8676,WR,Rashid Shaheed,Active,True,26.0,mrTman,SuckMyDitka,Nick,3.0,FM,2025.0,WR,$12.50,$12.50,$12.50,$12.50,  ,  
1.2074519527078134e+18,5.584833889966367e+17,6.0,7571,WR,Rashod Bateman,Active,True,25.0,socalifjimmy,Marvin’s Naberhood,Jim,1.0,FM,2024.0,WR,$3.00,$3.00,  ,  ,  ,  
1.2074519527078134e+18,5.6171540802973696e+17,2.0,11575,RB,Ray Davis,Active,True,25.0,chavo317,Jamar Javarison-Lamar,Ruben,2.0,2024-R3,2024.0,RB,$3.25,$3.25,$3.25,  ,  ,TS
1.2074519527078134e+18,1.0687067732232233e+18,8.0,7611,RB,Rhamondre Stevenson,Active,True,27.0,Tski25,The Warden,Tommy,1.0,RFA,2024.0,RB,$27.00,$27.00,  ,  ,  ,  
1.2074519527078134e+18,1.0687067732232233e+18,8.0,11638,WR,Ricky Pearsall,Active,True,24.0,Tski25,The Warden,Tommy,2.0,2024-R2,2024.0,WR,$5.25,$5.25,$5.25,  ,  ,  
1.2074519527078134e+18,5.95421624581288e+17,10.0,7021,RB,Rico Dowdle,Active,True,27.0,MileHighMorty,Bijan* Mustard,Matt,2.0,UFA,2024.0,RB,$5.00,$5.00,$5.00,  ,  ,  
1.2074519527078134e+18,4.721360335263457e+17,3.0,12470,QB,Riley Leonard,Active,True,22.0,mrTman,SuckMyDitka,Nick,3.0,2025-R3,2025.0,QB,$2.50,$2.50,$2.50,$2.50,  ,TS
1.2074519527078134e+18,4.721360335263457e+17,3.0,11630,WR,Roman Wilson,Active,True,24.0,mrTman,SuckMyDitka,Nick,2.0,2024-R4,2024.0,WR,$4.00,$4.00,$4.00,  ,  ,TS
1.2074519527078134e+18,5.483171429683364e+17,7.0,11620,WR,Rome Odunze,Active,True,23.0,MikeNorys,Can't Stand Mike,Mike N,2.0,2024-R1,2024.0,WR,$8.75,$8.75,$8.75,  ,  ,  
1.2074519527078134e+18,5.6174719668064256e+17,5.0,10235,RB,Roschon Johnson,Active,True,24.0,TMISH31,Chubba Lubba Dub Dub,Tyler,1.0,2023-R3,2023.0,RB,$3.00,$3.00,  ,  ,  ,  
1.2074519527078134e+18,4.721360335263457e+17,3.0,1234,QB,Russell Wilson,Active,True,36.0,mrTman,SuckMyDitka,Nick,3.0,UFA,2024.0,QB,$24.00,$24.00,$24.00,$24.00,  ,  
1.2074519527078134e+18,5.95421624581288e+17,10.0,4943,QB,Sam Darnold,Active,True,28.0,MileHighMorty,Bijan* Mustard,Matt,3.0,FM,2025.0,QB,$26.50,$26.50,$26.50,$26.50,  ,  
1.2074519527078134e+18,5.953313246890476e+17,9.0,10859,TE,Sam LaPorta,Active,True,24.0,RunTheBrews,,Chad,1.0,2023-R2,2023.0,TE,$3.25,$3.25,  ,  ,  ,  
1.2074519527078134e+18,5.947302549840773e+17,4.0,4147,RB,Samaje Perine,Active,True,29.0,Darkwater59,Solana 🚀 ,Marcus,3.0,UFA,2024.0,RB,$1.00,$1.00,$1.00,$1.00,  ,  
1.2074519527078134e+18,4.518075416476344e+17,1.0,4866,RB,Saquon Barkley,Active,True,28.0,kevo1022,Hobblin Dobbins,Kevin,1.0,UFA,2022.0,RB,$33.50,$33.50,  ,  ,  ,  
1.2074519527078134e+18,4.518075416476344e+17,1.0,12482,WR,Savion Williams,Active,True,23.0,kevo1022,Hobblin Dobbins,Kevin,3.0,2025-R4,2025.0,WR,$1.00,$1.00,$1.00,$1.00,  ,  
,,,,,Shadeur Sanders,,,,,,Tommy,3.0,2025-R2,2025.0,QB,$4.75,$4.75,$4.75,$4.75,  ,TS
1.2074519527078134e+18,1.0687067732232233e+18,8.0,12524,QB,Shedeur Sanders,Active,True,23.0,Tski25,The Warden,,,,,,,,,,,
1.2074519527078134e+18,1.0687067732232233e+18,8.0,11562,QB,Spencer Rattler,Active,True,24.0,Tski25,The Warden,Tommy,2.0,2024-R3,2024.0,QB,$2.75,$2.75,$2.75,  ,  ,  
1.2074519527078134e+18,5.95421624581288e+17,10.0,2449,WR,Stefon Diggs,Active,True,31.0,MileHighMorty,Bijan* Mustard,Matt,1.0,RFA,2024.0,WR,$21.00,$21.00,  ,  ,  ,  
1.2074519527078134e+18,7.411449114070958e+17,12.0,10857,QB,Stetson Bennett,Active,True,27.0,beebudda,Ezekiel's nasty house,Zeke,1.0,2023-R4,2023.0,QB,$1.00,$1.00,  ,  ,  ,  
1.2074519527078134e+18,5.95421624581288e+17,10.0,5844,TE,T.J. Hockenson,Active,True,28.0,MileHighMorty,Bijan* Mustard,Matt,3.0,FM,2024.0,TE,$17.50,$17.50,$17.50,$17.50,  ,  
1.2074519527078134e+18,5.6171540802973696e+17,2.0,12543,RB,Tahj Brooks,Active,True,23.0,chavo317,Jamar Javarison-Lamar,Ruben,3.0,2025-R4,2025.0,RB,$1.75,$1.75,$1.75,$1.75,  ,  
1.2074519527078134e+18,5.584833889966367e+17,6.0,12496,WR,Tai Felton,Active,True,22.0,socalifjimmy,Marvin’s Naberhood,Jim,3.0,2025-R4,2025.0,WR,$1.00,$1.00,$1.00,$1.00,  ,  
1.2074519527078134e+18,5.954641587748782e+17,11.0,9225,RB,Tank Bigsby,Active,True,22.0,Koko3321,Kupp the balls,Mike K,1.0,2023-R2,2023.0,RB,$3.75,$3.75,  ,  ,  ,  
1.2074519527078134e+18,5.483171429683364e+17,7.0,9502,WR,Tank Dell,Active,True,25.0,MikeNorys,Can't Stand Mike,Mike N,1.0,2023-R3,2023.0,WR,$2.00,$0.00,  ,  ,  ,IR
1.2074519527078134e+18,5.584833889966367e+17,6.0,6801,WR,Tee Higgins,Active,True,26.0,socalifjimmy,Marvin’s Naberhood,Jim,1.0,RFA,2024.0,WR,$18.25,$18.25,  ,  ,  ,  
1.2074519527078134e+18,7.411449114070958e+17,12.0,12487,TE,Terrance Ferguson,Active,True,22.0,beebudda,Ezekiel's nasty house,Zeke,3.0,2025-R3,2025.0,TE,$3.50,$3.50,$3.50,$3.50,  ,TS
1.2074519527078134e+18,5.584833889966367e+17,6.0,5927,WR,Terry McLaurin,Active,True,29.0,socalifjimmy,Marvin’s Naberhood,Jim,1.0,RFA,2024.0,WR,$18.25,$18.25,  ,  ,  ,  
1.2074519527078134e+18,5.95421624581288e+17,10.0,12526,WR,Tetairoa McMillan,Active,True,22.0,MileHighMorty,Bijan* Mustard,Matt,3.0,2025-R1,2025.0,WR,$8.25,$8.25,$8.25,$8.25,  ,  
1.2074519527078134e+18,7.411449114070958e+17,12.0,11597,TE,Theo Johnson,Active,True,24.0,beebudda,Ezekiel's nasty house,Zeke,2.0,2024-R4,2024.0,TE,$2.00,$2.00,$2.00,  ,  ,  
1.2074519527078134e+18,5.584833889966367e+17,6.0,5967,RB,Tony Pollard,Active,True,28.0,socalifjimmy,Marvin’s Naberhood,Jim,1.0,FM,2022.0,RB,$10.00,$10.00,  ,  ,  ,  
1.2074519527078134e+18,5.953313246890476e+17,9.0,12497,WR,Tory Horton,Active,True,22.0,RunTheBrews,,Chad,3.0,2025-R4,2025.0,WR,$1.50,$1.50,$1.50,$1.50,  ,TS
1.2074519527078134e+18,1.0687067732232233e+18,8.0,7543,RB,Travis Etienne,Active,True,26.0,Tski25,The Warden,Tommy,2.0,UFA,2025.0,RB,$26.50,$26.50,$26.50,  ,  ,  
1.2074519527078134e+18,5.483171429683364e+17,7.0,12530,"DB, WR",Travis Hunter,Active,True,22.0,MikeNorys,Can't Stand Mike,Mike N,3.0,2025-R1,2025.0,WR,$9.25,$9.25,$9.25,$9.25,  ,  
1.2074519527078134e+18,4.518075416476344e+17,1.0,1466,TE,Travis Kelce,Active,True,35.0,kevo1022,Hobblin Dobbins,Kevin,3.0,FM,2024.0,TE,$18.00,$18.00,$18.00,$18.00,  ,  
1.2074519527078134e+18,5.6174719668064256e+17,5.0,12509,WR,Tre Harris,Active,True,23.0,TMISH31,Chubba Lubba Dub Dub,Tyler,3.0,2025-R2,2025.0,WR,$5.00,$5.00,$5.00,$5.00,  ,  
1.2074519527078134e+18,5.584833889966367e+17,6.0,10213,WR,Tre Tucker,Active,True,24.0,socalifjimmy,Marvin’s Naberhood,Jim,1.0,2023-R4,2023.0,WR,$1.50,$1.50,  ,  ,  ,  
1.2074519527078134e+18,5.584833889966367e+17,6.0,12529,RB,TreVeyon Henderson,Active,True,22.0,socalifjimmy,Marvin’s Naberhood,Jim,3.0,2025-R1,2025.0,RB,$9.00,$9.00,$9.00,$9.00,  ,  
1.2074519527078134e+18,1.0687067732232233e+18,8.0,12531,RB,Trevor Etienne,Active,True,20.0,Tski25,The Warden,Tommy,3.0,2025-R4,2025.0,RB,$1.00,$1.00,$1.00,$1.00,  ,  
1.2074519527078134e+18,5.6174719668064256e+17,5.0,7523,QB,Trevor Lawrence,Active,True,25.0,TMISH31,Chubba Lubba Dub Dub,Tyler,2.0,RFA,2025.0,QB,$37.75,$37.75,$37.75,  ,  ,  
1.2074519527078134e+18,5.6174719668064256e+17,5.0,11589,RB,Trey Benson,Active,True,22.0,TMISH31,Chubba Lubba Dub Dub,Tyler,2.0,2024-R2,2024.0,RB,$6.75,$6.75,$6.75,  ,  ,  
1.2074519527078134e+18,4.721360335263457e+17,3.0,8130,TE,Trey McBride,Active,True,25.0,mrTman,SuckMyDitka,Nick,2.0,RFA,2025.0,TE,$20.00,$20.00,$20.00,  ,  ,  
1.2074519527078134e+18,5.483171429683364e+17,7.0,9492,WR,Trey Palmer,Active,True,24.0,MikeNorys,Can't Stand Mike,Mike N,1.0,2023-R4,2023.0,WR,$1.00,$1.00,  ,  ,  ,  
1.2074519527078134e+18,5.483171429683364e+17,7.0,11627,WR,Troy Franklin,Active,True,22.0,MikeNorys,Can't Stand Mike,Mike N,2.0,2024-R2,2024.0,WR,$5.00,$5.00,$5.00,  ,  ,TS
1.2074519527078134e+18,5.954641587748782e+17,11.0,6768,QB,Tua Tagovailoa,Active,True,27.0,Koko3321,Kupp the balls,Mike K,1.0,RFA,2024.0,QB,$40.00,$40.00,  ,  ,  ,  
1.2074519527078134e+18,5.6174719668064256e+17,5.0,9484,TE,Tucker Kraft,Active,True,24.0,TMISH31,Chubba Lubba Dub Dub,Tyler,1.0,2023-R4,2023.0,TE,$1.25,$1.25,  ,  ,  ,  
1.2074519527078134e+18,5.95421624581288e+17,10.0,9508,RB,Tyjae Spears,Active,True,24.0,MileHighMorty,Bijan* Mustard,Matt,1.0,2023-R2,2023.0,RB,$4.00,$4.00,  ,  ,  ,  
1.2074519527078134e+18,7.411449114070958e+17,12.0,8132,RB,Tyler Allgeier,Active,True,25.0,beebudda,Ezekiel's nasty house,Zeke,3.0,FM,2025.0,RB,$10.00,$10.00,$10.00,$10.00,  ,  
1.2074519527078134e+18,5.954641587748782e+17,11.0,12545,QB,Tyler Shough,Active,True,25.0,Koko3321,Kupp the balls,Mike K,3.0,2025-R2,2025.0,QB,$4.00,$4.00,$4.00,$4.00,  ,  
1.2074519527078134e+18,5.953313246890476e+17,9.0,12518,TE,Tyler Warren,Active,True,23.0,RunTheBrews,,Chad,3.0,2025-R2,2025.0,TE,$5.75,$5.75,$5.75,$5.75,  ,  
1.2074519527078134e+18,5.95421624581288e+17,10.0,3321,WR,Tyreek Hill,Active,True,31.0,MileHighMorty,Bijan* Mustard,Matt,2.0,RFA,2025.0,WR,$34.00,$34.00,$34.00,  ,  ,  
1.2074519527078134e+18,5.95421624581288e+17,10.0,11655,RB,Tyrone Tracy,Active,True,25.0,MileHighMorty,Bijan* Mustard,Matt,2.0,2024-R4,2024.0,RB,$2.00,$2.00,$2.00,  ,  ,  
1.2074519527078134e+18,5.95421624581288e+17,10.0,8126,WR,WanDale Robinson,Active,True,24.0,MileHighMorty,Bijan* Mustard,Matt,4.0,FM,2025.0,WR,$8.75,$8.75,$8.75,$8.75,$8.75,  
1.2074519527078134e+18,4.721360335263457e+17,3.0,12511,QB,Will Howard,Active,True,23.0,mrTman,SuckMyDitka,Nick,3.0,2025-R3,2025.0,QB,$3.00,$3.00,$3.00,$3.00,  ,TS
1.2074519527078134e+18,5.953313246890476e+17,9.0,9999,QB,Will Levis,Active,True,26.0,RunTheBrews,,Chad,1.0,2023-R1,2023.0,QB,$5.75,$5.75,  ,  ,  ,  
1.2074519527078134e+18,5.954641587748782e+17,11.0,11577,RB,Will Shipley,Active,True,22.0,Koko3321,Kupp the balls,Mike K,2.0,2024-R4,2024.0,RB,$2.25,$2.25,$2.25,  ,  ,  
1.2074519527078134e+18,5.953313246890476e+17,9.0,12474,RB,Woody Marks,Active,True,24.0,RunTheBrews,,Chad,3.0,2025-R4,2025.0,RB,$1.75,$1.75,$1.75,$1.75,  ,  
1.2074519527078134e+18,1.0687067732232233e+18,8.0,11626,WR,Xavier Legette,Active,True,24.0,Tski25,The Warden,Tommy,2.0,2024-R2,2024.0,WR,$4.25,$4.25,$4.25,  ,  ,  
1.2074519527078134e+18,4.518075416476344e+17,1.0,11624,WR,Xavier Worthy,Active,True,22.0,kevo1022,Hobblin Dobbins,Kevin,2.0,2024-R1,2024.0,WR,$7.25,$7.25,$7.25,  ,  ,  
1.2074519527078134e+18,5.584833889966367e+17,6.0,9753,RB,Zach Charbonnet,Active,True,24.0,socalifjimmy,Marvin’s Naberhood,Jim,2.0,2023-R1,2023.0,RB,$6.00,$6.00,$23.50,  ,  ,  
1.2074519527078134e+18,4.721360335263457e+17,3.0,6845,RB,Zack Moss,Active,True,27.0,mrTman,SuckMyDitka,Nick,3.0,UFA,2024.0,RB,$13.00,$13.00,$13.00,$13.00,  ,  
,,,,,Zamir White,,,,,,Tommy,3.0,FM,2024.0,RB,$27.00,$13.50,$27.00,  ,0,Cut
1.2074519527078134e+18,1.0687067732232233e+18,8.0,9997,WR,Zay Flowers,Active,True,24.0,Tski25,The Warden,Tommy,1.0,2023-R2,2023.0,WR,$5.50,$5.50,  ,  ,  ,  
,,,,,,,,,,,,,,,,,  ,  ,  ,  ,  
,,,,,,,,,,,,,,,,,  ,  ,  ,  ,  
,,,,,,,,,,,,,,,,,  ,  ,  ,  ,  
,,,,,,,,,,,,,,,,,  ,  ,  ,  ,  
,,,,,,,,,,,,,,,,,  ,  ,  ,  ,  
,,,,,,,,,,,,,,,,,  ,  ,  ,  ,  
,,,,,,,,,,,,,,,,,  ,  ,  ,  ,  
,,,,,,,,,,,,,,,,,  ,  ,  ,  ,  
,,,,,,,,,,,,,,,,,  ,  ,  ,  ,  
,,,,,,,,,,,,,,,,,  ,  ,  ,  ,  
,,,,,,,,,,,,,,,,,  ,  ,  ,  ,  
,,,,,,,,,,,,,,,,,  ,  ,  ,  ,  
,,,,,,,,,,,,,,,,,  ,  ,  ,  ,  
,,,,,,,,,,,,,,,,,  ,  ,  ,  ,  
,,,,,,,,,,,,,,,,,  ,  ,  ,  ,  
,,,,,,,,,,,,,,,,,  ,  ,  ,  ,  
,,,,,,,,,,,,,,,,,  ,  ,  ,  ,  
,,,,,,,,,,,,,,,,,  ,  ,  ,  ,  
,,,,,,,,,,,,,,,,,  ,  ,  ,  ,  
,,,,,,,,,,,,,,,,,  ,  ,  ,  ,  
,,,,,,,,,,,,,,,,,  ,  ,  ,  ,  
,,,,,,,,,,,,,,,,,  ,  ,  ,  ,  
,,,,,,,,,,,,,,,,,  ,  ,  ,  ,  
,,,,,,,,,,,,,,,,,  ,  ,  ,  ,  
,,,,,,,,,,,,,,,,,  ,  ,  ,  ,  
,,,,,,,,,,,,,,,,,  ,  ,  ,  ,  
,,,,,,,,,,,,,,,,,  ,  ,  ,  ,  
,,,,,,,,,,,,,,,,,  ,  ,  ,  ,  
,,,,,,,,,,,,,,,,,  ,  ,  ,  ,  
,,,,,,,,,,,,,,,,,  ,  ,  ,  ,  
,,,,,,,,,,,,,,,,,  ,  ,  ,  ,  
,,,,,,,,,,,,,,,,,  ,  ,  ,  ,  
,,,,,,,,,,,,,,,,,  ,  ,  ,  ,  
,,,,,,,,,,,,,,,,,  ,  ,  ,  ,  
,,,,,,,,,,,,,,,,,  ,  ,  ,  ,  
,,,,,,,,,,,,,,,,,  ,  ,  ,  ,  
,,,,,,,,,,,,,,,,,  ,  ,  ,  ,  
,,,,,,,,,,,,,,,,,  ,  ,  ,  ,  
,,,,,,,,,,,,,,,,,  ,  ,  ,  ,  
,,,,,,,,,,,,,,,,,  ,  ,  ,  ,  
,,,,,,,,,,,,,,,,,  ,  ,  ,  ,  
,,,,,,,,,,,,,,,,,  ,  ,  ,  ,  
,,,,,,,,,,,,,,,,,  ,  ,  ,  ,  
,,,,,,,,,,,,,,,,,  ,  ,  ,  ,  
,,,,,,,,,,,,,,,,,  ,  ,  ,  ,  
,,,,,,,,,,,,,,,,,  ,  ,  ,  ,  
,,,,,,,,,,,,,,,,,  ,  ,  ,  ,  
,,,,,,,,,,,,,,,,,  ,  ,  ,  ,  
,,,,,,,,,,,,,,,,,  ,  ,  ,  ,  
,,,,,,,,,,,,,,,,,  ,  ,  ,  ,  
,,,,,,,,,,,,,,,,,  ,  ,  ,  ,  
